seed,x,y,z,noise,hash2,hash3,random0,crater
0,256.7330386955291,496.37450696900487,-164.03338918462396,0.37789205793615344,1674858326,585088471,0.26642920868471265,-23.205
0,-107.83781670033932,253.3684284426272,221.8465064652264,-0.1701414692148999,1208837863,75511700,0.0003297457005828619,-23.00513752441406
0,-414.3200560938567,-362.4352116603404,392.3386614769697,0.24165834317968735,2111167204,2534719454,0.2232720274478197,-22.806059472656244
0,402.4355940055102,387.53039040602744,-203.4586297813803,0.2319014415121356,3855813649,1306963550,0.1462021479383111,-22.607765844726565
0,-464.8603401146829,-137.13883189484477,-79.4964141678065,-0.11894865530230081,976699143,3946016818,0.46732782293111086,-22.410256640625
0,141.14590361714363,205.2718265913427,-55.996995186433196,0.31525321535669387,3912868588,1922713359,0.5450490827206522,-22.213531860351562
0,205.6049902457744,-38.35117188282311,-94.91806058213115,-0.15657554302021787,1215102377,4092317566,0.6152513844426721,-22.017591503906253
0,-439.0787191223353,477.6633819565177,280.1335419062525,0.15076365716521511,531195576,3420313795,0.6489853798411787,-21.822435571289056
0,-334.73524055443704,355.987595859915,440.0591703597456,-0.24792442326020422,3606949553,1856521451,0.45600721263326705,-21.628064062500002
0,-298.81315724924207,-3.0249154660850763,-341.46420611068606,-0.4797703362936844,713311195,2064627799,0.581218967679888,-21.434476977539063
0,486.083468189463,-213.72513473033905,-292.5160340964794,-0.11357394341205812,544671408,3113716242,0.24625753005966544,-21.241674316406247
0,-432.0266463328153,152.14406209997833,373.7338522914797,0.18090694568198012,2548705750,2795127354,0.09785169479437172,-21.049656079101563
0,-75.44123660773039,12.468355474993587,215.70483269169927,-0.13507855517869566,1637983827,2030257231,0.9034309543203562,-20.858422265624995
0,33.92463689669967,383.1635389942676,220.55267449468374,-0.13705978696348345,2053849661,220697507,0.40820372267626226,-20.667972875976563
0,-270.98984830081463,16.118188621476293,-190.06514688953757,-0.1707236751493042,1320623874,2973253578,0.7202955442480743,-20.478307910156246
0,295.49007839523256,-22.335717221722007,-69.35101910494268,-0.6193359756433914,2046693117,1141801609,0.6599067240022123,-20.289427368164063
0,378.883816068992,284.76539929397404,196.98856119066477,0.27305377045030116,3023410144,2636155309,0.8058585098478943,-20.101331249999998
0,-460.11438174173236,424.63720100931823,-297.485182993114,-0.4799762028388281,2189154707,1372185064,0.6261914535425603,-19.91401955566406
0,-152.67502865754068,319.3771024234593,-244.09119784832,0.3083637620271185,3727689359,3862055674,0.5696913106366992,-19.727492285156252
0,330.4357046727091,301.59957124851644,39.007093058899045,0.3474706485077077,2671326679,3314444168,0.12123633874580264,-19.541749438476558
0,-2.3516437504440546,-440.4839822091162,-476.4223878737539,-0.11539354397429946,3409065118,792067792,0.24193100933916867,-19.356791015624996
0,-16.651340760290623,7.944714277982712,-392.5880372989923,0.08271193645376582,2618576831,2465682068,0.8153759187553078,-19.17261701660156
0,-148.30552390776575,93.39677589014173,409.5918112434447,0.016877702955887974,3648289811,3788545788,0.323521607555449,-18.989227441406246
0,80.48230153508484,-130.34751126542687,-369.84363361261785,0.2629160737776086,4063929750,1102619433,0.08783002896234393,-18.806622290039062
0,-310.7778523117304,-421.0256398655474,-365.0565806310624,0.13289854255009192,4267934509,3049968236,0.7895766077563167,-18.6248015625
0,-80.43900644406676,103.23001258075237,456.06701564975083,-0.19952053029161726,965919410,3098309061,0.9079886567778885,-18.44376525878906
0,-417.23556141369045,118.60264535062015,135.47770166769624,0.1188949307816036,1118955102,2963635238,0.551719788229093,-18.263513378906246
0,351.12383123487234,145.50475031137466,174.8048986773938,-0.6188427219960149,1391658891,1850062106,0.4687971824314445,-18.08404592285156
0,-179.1887111030519,-367.1146519482136,414.118142798543,0.2589445595340206,2387465430,2408363275,0.3561653404030949,-17.905362890625
0,330.5463276337832,343.7492744997144,-271.6671971138567,0.058866493540982244,3498301898,1469947392,0.09744705795310438,-17.727464282226563
0,141.64410182274878,158.68964046239853,397.7687880396843,-0.1695849864679118,2713678072,107208458,0.752272559562698,-17.549848617365107
0,42.76471026241779,343.605071073398,-118.84516873396933,-0.013748693601971774,4064427434,43775889,0.52662223437801,-17.33350009908802
0,-55.442397482693195,-445.7671532873064,423.6044604331255,0.2017377520667133,2277472997,3578123703,0.2047672572080046,-17.052534262477064
0,-339.76929541677237,413.9661341905594,-29.753982089459896,-0.32583054342560547,1898527774,1079530798,0.12937693274579942,-16.70505779411317
0,-444.2150108516216,-39.10361533053219,-435.7669628225267,0.10358787335826498,365489449,2100289720,0.32869906700216234,-16.289264316942663
0,397.27254887111485,-309.35429502278566,-303.6981518380344,0.23708650443280205,2192222206,443265844,0.25051057478412986,-15.803434666986591
0,183.05177753791213,433.05711448192596,293.7584880273789,0.1678774287917608,865861273,2307634642,0.34877196745947003,-15.245937149681538
0,-121.78841652348638,351.3292141724378,-362.70491569302976,0.1195037231728496,101807916,3286579680,0.2612062278203666,-14.615227777579994
0,-480.25101772509515,134.3258167617023,185.26062439195812,0.18504030885693967,153886028,3270663596,0.17744940402917564,-13.909850490972778
0,-179.94486703537405,189.55365335568786,127.64327344484627,0.023502920565978247,2396004993,2919505144,0.3384289578534663,-13.128437362847945
0,354.3782327324152,429.95417513884604,-407.68175036646426,-0.0691701492146262,4032794367,1199313749,0.8167456462979317,-12.269708789468552
0,-410.8016851823777,-451.4483748935163,-159.89435999654233,0.47814459061594566,491723920,173265313,0.43362422985956073,-11.332473667732799
0,13.212318997830153,-51.61136691458523,-398.7522355746478,0.23126700820886534,3730074107,4221880143,0.47775731328874826,-10.315629560373901
0,-389.1945583745837,387.8879004623741,175.27427477762103,0.06969121798205125,2909953397,3107778787,0.7313624455127865,-9.218162849961402
0,80.42549202218652,170.27253494597971,424.73739525303245,-0.1664158096360529,878041942,3155558320,0.7565535784233361,-8.0391488825796
0,-78.48800392821431,476.7570651602,-317.5019798800349,0.7808430533102239,1304724413,3197594157,0.9641769591253251,-6.7777521019815445
0,122.90309905074537,-386.33470819331706,283.40801037847996,-0.09086669003103681,34710457,2873787027,0.5183873120695353,-5.446140341749977
0,-325.29231114313006,458.418773021549,84.46528343483806,-0.286438793902776,1618929156,2648912190,0.5354834103491157,-4.038399887710341
0,113.80669591017067,405.3745283745229,398.3797549735755,-0.41021344659904274,1339862182,1335563599,0.3848155541345477,-2.584225102185125
0,49.657410476356745,-290.9290995448828,-129.73014847375453,-0.19871081923841447,3971052653,3720063719,0.4018378141336143,-1.2012118327552335
0,121.76046380773187,476.39095899648964,-278.2075349241495,0.3777768803354309,978730502,3450959841,0.21020137425512075,0.07660088936329985
0,125.25966763496399,387.9155497997999,-133.838425623253,0.012822073092824685,4102903446,2333047443,0.6475911159068346,1.164944741543821
0,-149.9548931606114,47.20652266405523,-373.1562939938158,-0.199773515943251,839827692,1415822088,0.02102908445522189,2.0984811508963985
0,-179.1654925327748,-320.7869310863316,90.12228692881763,0.09829145252913363,751379935,3632955971,0.38805842166766524,2.8803454707926095
0,244.03144512325525,328.12954392284155,37.36474388279021,0.3481056014382949,722311760,11093888,0.9656378012150526,3.513633273309925
0,-450.32913074828684,-244.27618295885623,-257.6690912246704,0.17814195184831733,1679434453,222882862,0.467965796822682,4.001404348267637
0,4.9062455072999,332.13602332398295,-269.1624923609197,0.20776775994910068,3876860455,936247735,0.4891930732410401,4.346686462696125
0,365.8866542391479,-170.92038691043854,260.3388628922403,0.09545297999436353,3610812333,2841584358,0.07715768180787563,4.552478897529565
0,160.83249635994434,-9.52740665525198,-12.41450966335833,0.41328411230848305,3650557187,997162091,0.005850543733686209,4.621755776978927
0,-44.5341463200748,-113.14523126929998,-196.41205575317144,-0.1384634566271932,935328180,4181506541,0.16894655022770166,4.557469204826416
0,480.5648166220635,-351.9271002151072,-148.7090620212257,0.04540209013087996,222955358,1835238383,0.0004347958602011204,4.362552220772687
0,-248.61592263914645,28.919961769133806,339.7389391902834,-0.2583212932968916,3439422685,2739519025,0.752600965090096,4.0503520377587865
0,496.9129345845431,159.64528871700168,173.85302623733878,-0.42140444357113094,3777512261,628234022,0.337965794140473,3.727425985118434
0,-318.8012735918164,282.2869122028351,-365.675431676209,0.2081536253521548,1532478909,3962319416,0.22591266059316695,3.4206846389419243
0,-176.37533112429082,433.43495996668935,-203.91163742169738,-0.09825681756924562,2762489297,1590377793,0.991299599641934,3.129776459676864
0,487.1910107322037,405.7922870852053,237.57853917777538,-0.35327890605464746,39360365,3700149792,0.8895441221538931,2.854354888831661
0,157.78406709432602,-99.23253813758492,170.1842723414302,-0.44759567089567165,3922432750,2583041738,0.4689542076084763,2.5940780772766634
0,-120.02666294574738,438.1610199343413,-32.87241910584271,0.11891596413888758,263182416,2767140298,0.8688123452011496,2.348608628010767
0,239.08304166980088,79.07947432249784,-191.73864903859794,-0.15085951773317735,1630505838,702276656,0.07567508867941797,2.1176133526384215
0,-136.15989708341658,-498.0759466998279,193.38507601059973,0.046463798676363854,1801978376,1839214367,0.25186702236533165,1.90076304084083
0,380.01061719842255,409.6191390417516,-348.01181638613343,0.4433160661442793,3975356045,3587338095,0.7251333913300186,1.6977322421618775
0,296.95567348971963,307.2996768169105,417.8849707823247,0.11558104489242277,2499051178,2286515334,0.8220296828076243,1.5081990594643253
0,153.87580962851644,-407.9615680966526,345.27150564827025,-0.174033319133991,1473208743,855455928,0.7813425047788769,1.3318449534448529
0,293.6866020318121,-202.30766059830785,150.66877542994916,-0.16064438859337193,277817845,2961716244,0.09570368472486734,1.1683545576281356
0,-429.92427945137024,209.9450419191271,211.58070932142437,-0.26400200493908765,552236066,4109283077,0.22137079876847565,1.0174155032899606
0,-171.73860548064113,-449.30172082968056,241.65808619000018,0.0016461583648575973,515926544,482570476,0.44860838376916945,0.8787182537877504
0,-246.0327628068626,-77.82324589788914,122.19134671613574,-0.21568686381685664,3635755315,1993644335,0.362851356389001,0.7519559478038071
0,358.1076324917376,444.218956399709,461.07060788199306,-0.04235746178328141,436953295,213920695,0.03431691275909543,0.6368242510321303
0,33.738275757059455,-110.38127751089633,-429.98376954346895,0.39792576498474275,1169436855,739619088,0.8226288207806647,0.5330212158639138
0,438.75505588948727,308.0928809940815,-397.27878593839705,-0.029628460457990724,173706522,38667915,0.7795383438933641,0.4402471486498782
0,212.88554416969419,460.62893490307033,-180.09649612940848,0.272659390687586,489705025,2955208351,0.5592889664694667,0.35820448413936445
0,-255.1526385359466,-402.12771156802773,-44.90694776177406,-0.2729843896071855,2251845231,1118730684,0.8746000186074525,0.2863003868378074
0,-439.35239082202315,305.03727425821126,43.41874155215919,0.11852062256570865,1681623129,3633812330,0.051076969131827354,0.2240558751108285
0,-206.6979033406824,242.7062198985368,189.9867996107787,-0.309328704504352,3309107535,1895234284,0.5814830472227186,0.1713257631854115
0,-434.8979536443949,-491.66852491907775,205.5770510341972,-0.14929061136206612,2703760576,3311916007,0.7252950123511255,0.12794111234723282
0,124.0644995123148,-466.9966995716095,-210.1752464659512,0.03041038931550455,1927331964,1981934258,0.20084706251509488,0.09371243374754384
0,-281.7650877404958,-80.2333711180836,376.758377533406,-0.37769321994814054,1930934974,3628800891,0.30809039273299277,0.06843254295877142
0,-485.4592545889318,-58.363788994029164,-212.21207082271576,-0.08608402573976215,1011643456,2636735093,0.6363365931902081,0.05187909908965661
0,-486.07224272564054,-477.41519822739065,67.44711892679334,-0.1446218333199331,3205136876,1223964346,0.4651982095092535,0.043639390438802717
0,-480.58989527635276,-363.7776183895767,2.8982488438487053,-0.024319525510093032,1523034449,909425288,0.0002898331731557846,0.038281274314394986
0,145.46860242262483,-117.65466281212866,402.35618758015335,-0.09852251709719373,2028354011,3888747831,0.19601353257894516,0.03334470652257971
0,415.9250557422638,436.3732417114079,-91.16268972866237,0.2001004558407335,420051053,143564750,0.6178637044504285,0.028829729138454736
0,381.929867900908,209.69667448662221,52.074528532102704,-0.09023353453083614,3248480144,3629328954,0.6178396919276565,0.024730156946573073
0,-136.17580709978938,51.9123924896121,-16.034547705203295,0.12684457668444127,2082149145,3096323836,0.21144446497783065,0.021034771385684162
0,231.73044808208942,226.78254591301084,-365.9514933824539,0.20678766937937004,2682564979,1297491721,0.26104003144428134,0.017728361906011302
0,-111.94178066216409,342.1659229788929,-471.6052922885865,0.03882069625482498,3684598361,601350477,0.9406286105513573,0.014792630555980528
0,131.8247972521931,-219.7676955256611,294.27336202934384,0.24895578561161733,3913481792,3206796006,0.5873567336238921,0.01220697418461894
0,200.07764315232635,38.84494211524725,-191.7203248012811,0.31319909620944825,932765273,1155913375,0.17353478190489113,0.009949157332481263
0,66.83695479296148,369.86825428903103,-418.59919810667634,-0.2854078916756769,3759347870,3154152775,0.7815446960739791,0.007995887679013375
0,-6.0112024657428265,146.65929693728685,-397.6205731742084,-0.17777880381882818,4128244218,1682278143,0.6413926798850298,0.006323304809425408
0,261.1047204118222,132.99751747399569,-66.71854411251843,-0.24800866341677782,797159327,3764351773,0.5516108213923872,0.004907392051731107
0,-125.68910885602236,113.00308560021222,111.06095579452813,-0.03673542731930247,1634754364,3578017549,0.34268549107946455,0.003724320207476907
0,481.0286203864962,-274.1602803580463,-100.20908270962536,0.28390237370794724,3508592288,1526895768,0.45893332245759666,0.0027507311512122673
0,197.79533986002207,-46.97764455340803,236.2265083938837,-0.10737683688401466,2063836432,2547631913,0.4016016935929656,0.001963968497805374
0,37.812805036082864,443.8116301316768,271.103780483827,0.3188824455030702,1416234115,2562398465,0.5487891419325024,0.0013422618275957968
0,-481.9965048227459,-236.65075143799186,-388.8415105175227,0.026778891671394776,3026661183,1703047563,0.6028588972985744,0.0008648703118275455
0,-29.15300102904439,233.41361177153885,-37.429507821798325,0.011452488548095108,136617031,3392861260,0.26176793687045574,0.0005121909899390582
0,95.18974088132381,389.87333490513265,436.228885082528,-0.14674956631281658,4073595300,3351205936,0.5515118767507374,0.0002658364115805073
0,-165.20850220695138,145.85624681785703,-408.9394900947809,0.002268971496194881,1322552104,4219391443,0.7825727255549282,0.00010868586549825821
0,-188.70825762860477,327.85228244028986,260.18241001293063,0.2705970913601599,949333987,3212549152,0.5152595490217209,0.000024913970798997197
0,-48.864791402593255,272.76995265856385,-278.2368848565966,-0.32232907467933414,3880054853,631064922,0.013889708323404193,0
0,489.53642952255905,399.8743889387697,-75.24584070779383,0.2316684737376148,107529942,2163319339,0.6381720770150423,0
0,481.51452257297933,262.3917041346431,-124.92659804411232,-0.30078743325391555,2357384480,3573264984,0.6595347099937499,0
0,-135.8149484731257,-116.3517008535564,125.9228300768882,-0.3641120407862384,1474383239,264527245,0.08160997787490487,0
0,-405.0717940554023,-461.7362420540303,396.16605755873024,-0.2275138141349265,636282001,520616635,0.8387584849260747,0
0,-313.9584306627512,43.68495848029852,89.72630673088133,-0.19135786263758137,3747418982,3273604194,0.156097159255296,0
0,174.65590150095522,-192.12804222479463,117.78651550412178,0.09837772737026451,405169116,3628888357,0.8512866217643023,0
0,-60.54926896467805,312.1104983147234,45.61784188263118,0.019213146770084157,1365195117,3988282067,0.05583504866808653,0
0,193.5581946745515,412.4771186616272,446.40303147025406,0.03852463854015194,3590451208,1140473792,0.6717746085487306,0
0,152.0720364060253,-49.698475981131196,-413.60983601771295,-0.4073894273789666,518119425,455288467,0.1206361714284867,0
0,-32.76991634629667,-496.7256688978523,445.52261545322835,0.22194455567674132,3818755245,583524506,0.7265797457657754,0
0,-272.0179078169167,-296.565500786528,476.59476357512176,0.015790548196658094,862459172,1373686894,0.9130720354150981,0
0,395.92439751140773,250.34770090132952,461.03337360545993,-0.37684088816642963,685373429,810319283,0.7892054363619536,0
0,437.87758122198284,-440.7108975574374,-446.35995710268617,0.193437130143007,1305189296,3406290036,0.742632019566372,0
0,281.98170429095626,-113.44639048911631,-212.90665003471076,0.009149950424369923,1133783471,2351519523,0.8178976711351424,0
0,-129.4664917513728,278.15962699241936,-427.89456341415644,-0.43073943016743776,1329443665,1594107545,0.1535755442455411,0
0,51.495361840352416,128.82285588420928,-158.30337232910097,-0.1715522708358477,828106824,4277459719,0.9269675901159644,0
0,-5.917472066357732,-308.59834840521216,158.7793086655438,0.18323692883556375,355394581,961242012,0.6330842026509345,0
7331,182.4097684584558,427.99098300747573,-146.88613801263273,-0.4225532478418911,1978647402,423879963,0.9737386852502823,-23.205
7331,146.07278420589864,66.74053566530347,218.1571547407657,-0.07409789752429631,3834569496,394046456,0.6532226775307208,-23.00513752441406
7331,-325.0247200485319,162.07408043555915,186.91987660713494,0.15292514938769466,1008543392,3169201775,0.13556672423146665,-22.806059472656244
7331,336.9476553052664,158.64316769875586,-101.5217350795865,0.3035375886103229,1590931481,4026114905,0.23980474192649126,-22.607765844726565
7331,-422.0984273124486,-136.52818417176604,-407.06498362123966,0.4988678634624396,3928301628,1207855126,0.6630981029011309,-22.410256640625
7331,-36.23567055910826,-464.2503410577774,9.586143773049116,0.03844452231604628,2631425929,2504228470,0.38727593002840877,-22.213531860351562
7331,-444.99562424607575,387.5470361672342,-144.6471002418548,-0.07447558712719839,2562885042,2822815684,0.8709875780623406,-22.017591503906253
7331,389.46299883536994,-11.724105104804039,59.93201397359371,-0.24640958028333804,3177438959,1188058023,0.6582447921391577,-21.822435571289056
7331,449.2661466356367,78.18021019920707,90.75632691383362,0.095027371153586,2575519286,1069035426,0.3549023575615138,-21.628064062500002
7331,128.28670209273696,426.48648121394217,349.2096571717411,-0.3403432891015665,1301078935,3687939666,0.8762597513850778,-21.434476977539063
7331,-72.58199458010495,213.36184162646532,-492.8114910144359,-0.38894405245791236,2883461211,549732594,0.10463842400349677,-21.241674316406247
7331,477.2715715225786,-481.6429384518415,137.68809870816767,-0.044220751616875,1486883004,3781321520,0.5987079245969653,-21.049656079101563
7331,-307.15286009944975,-270.6482280045748,403.7161523010582,-0.5470393045003568,818276761,689381401,0.2475794507190585,-20.858422265624995
7331,-380.40338456630707,377.75127217173576,-200.2384909428656,0.21929050220620303,1529196806,1345235661,0.6485017063096166,-20.667972875976563
7331,249.43147436715662,282.25528891198337,243.6038318555802,0.3042353890803419,2458120663,640520911,0.7846417978871614,-20.478307910156246
7331,353.2746636774391,219.7192250750959,-125.83206873387098,-0.49834252395189266,2828932616,582035820,0.6655136658810079,-20.289427368164063
7331,-152.7332728728652,54.509308421984315,-318.34029988385737,0.20170137345295786,3813101952,2850019824,0.5885368247982115,-20.101331249999998
7331,308.424771996215,-33.713448792696,106.99289082549512,0.36731118474396796,2028326633,1590372331,0.7408798921387643,-19.91401955566406
7331,427.31104465201497,478.74881071038544,-51.09415855258703,0.13716188554375597,2441554150,1595976868,0.030250717187300324,-19.727492285156252
7331,-161.71437432058156,54.14297920651734,326.15954289212823,0.004736011973162493,58160881,452873762,0.8208935579750687,-19.541749438476558
7331,-37.63801441527903,26.594460010528564,-449.2713373620063,0.5799379267295888,187177195,1668989045,0.8319218016695231,-19.356791015624996
7331,-90.10137524455786,-337.7435265574604,-186.59562873654068,-0.6268574191505748,2509893151,873595452,0.9827510148752481,-19.17261701660156
7331,-271.8698726966977,-119.33034285902977,320.01028885133564,-0.10227727238129708,2732430640,2720892774,0.2608738092239946,-18.989227441406246
7331,-269.941438222304,-352.6153948623687,-54.27046702243388,-0.1628705870557448,2211264471,1672391484,0.8729392408858985,-18.806622290039062
7331,146.15440648049116,-184.08817914314568,-430.5446818470955,0.015421858010364303,1763893168,1514708669,0.0037798110861331224,-18.6248015625
7331,-188.79348319023848,-354.6293927356601,163.52148004807532,0.32374163535863576,3027717040,1049045425,0.9402616282459348,-18.44376525878906
7331,402.81596151180565,-168.72602282091975,35.51969211548567,0.23430207939624903,3363566566,2272235583,0.05548589886166155,-18.263513378906246
7331,478.74094266444445,-348.3413422945887,-84.85749666579068,0.26141908964274,2178747942,3990110195,0.5281084282323718,-18.08404592285156
7331,-436.2523651216179,337.26132242009044,118.58608992770314,0.032519092916995285,2848243871,2972221934,0.8606029688380659,-17.905362890625
7331,-482.0542633533478,364.9805383756757,-351.7597974278033,-0.0010299417322240517,3871842801,525698242,0.8253952416125685,-17.727464282226563
7331,-346.12507466226816,-359.29719428531826,326.0338243562728,0.1697746116293103,199887864,4172959964,0.6894671588670462,-17.549848617365107
7331,-449.4758825749159,337.01599948108196,436.28053925931454,-0.18401286416161644,4245109982,780415962,0.29192563402466476,-17.33350009908802
7331,79.6246889512986,-466.1188938189298,228.41270337812603,0.29762072803145556,1966312948,3185218432,0.9318046865519136,-17.052534262477064
7331,163.62727619707584,108.78538666293025,150.1640377100557,-0.12157594124798406,3023815627,875227964,0.9861403442919254,-16.70505779411317
7331,-139.94981558062136,-431.68620369397104,44.49728108011186,-0.10593944006256051,4100083979,2273964748,0.09542446071282029,-16.289264316942663
7331,169.69057405367494,57.0124895311892,-360.51019513979554,-0.35259200874967067,215845490,171343279,0.19486387679353356,-15.803434666986591
7331,-282.7479117549956,-193.0709641892463,-13.10436730273068,-0.02199955866830472,3149588479,1255704802,0.05219159252010286,-15.245937149681538
7331,-103.45922084525228,-468.2187386788428,178.91132598742843,-0.14168556219615658,2408409973,1177187931,0.9832002164330333,-14.615227777579994
7331,346.7153827659786,-203.76990037038922,-195.1834731735289,-0.12042586943690525,1060373817,1644844103,0.08685522223822773,-13.909850490972778
7331,-38.07327477261424,14.502662932500243,-144.75286519154906,0.43967862506961636,3234885483,1663364530,0.5810196481179446,-13.128437362847945
7331,-173.54715475812554,-452.56791496649384,-173.14323759637773,-0.17645950563232096,987593593,3598201299,0.05436535645276308,-12.269708789468552
7331,-164.42149807699025,-370.2890556305647,229.236566927284,-0.06339524260857388,269594528,106945323,0.9148030309006572,-11.332473667732799
7331,94.72927753813565,177.215454634279,214.47282331064343,-0.46444572958064356,1863950191,2145856072,0.053159221075475216,-10.315629560373901
7331,278.947759186849,-389.3300020135939,456.4747887197882,0.3294349054928822,1163307290,3361509946,0.434405812760815,-9.218162849961402
7331,252.99329636618495,-238.91652445308864,-69.48735425248742,-0.20358187304822495,737096626,2892082764,0.9119108549784869,-8.0391488825796
7331,343.1613086722791,1.5233948361128569,-386.9728425052017,-0.2660998854418797,2590514630,3824477364,0.20373352151364088,-6.7777521019815445
7331,-52.68850922584534,-480.19761592149734,472.1041158773005,-0.27638270266081727,3955290349,717251547,0.4848013573791832,-5.446140341749977
7331,-312.32594163157046,228.37298759259284,419.6132067590952,-0.7756125450348091,2236783680,3696710847,0.6543291457928717,-4.038399887710341
7331,-374.875909416005,-407.6428774278611,353.16081577911973,-0.006717848823944647,95549162,1249633818,0.2330248369835317,-2.584225102185125
7331,435.96446327865124,-311.2027356401086,-262.3935912270099,0.5467794004418599,2526284312,1646316942,0.7554848233703524,-1.2012118327552335
7331,421.0759529378265,-191.5336379315704,-67.88495159707963,0.46931978316485,2600628020,877150902,0.263846525689587,0.07660088936329985
7331,-471.33774124085903,-157.63824642635882,-62.37394944764674,0.28697559114328697,1186343764,457658396,0.6647630897350609,1.164944741543821
7331,463.3479530457407,-257.7137341722846,88.01592094823718,0.2903148910251662,346292366,2014025079,0.014450859744101763,2.0984811508963985
7331,173.8045304082334,-461.18064294569194,-62.956986017525196,0.007375378615913238,1671490957,1080741480,0.054194931173697114,2.8803454707926095
7331,114.06579497270286,-5.1891368348151445,-394.5268727838993,0.11832922255576642,3044028680,3951876576,0.014255628222599626,3.513633273309925
7331,308.7133246008307,432.28932353667915,1.671037869527936,-0.3712940843270601,774666786,421329220,0.9927405228372663,4.001404348267637
7331,-117.37115471623838,469.63981492444873,30.273467767983675,-0.2794651192932206,1584772384,1950820308,0.8833522442728281,4.346686462696125
7331,-379.43224026821554,-404.10533593967557,361.3362554460764,-0.020126494041049325,292895113,1386584775,0.5509265761356801,4.552478897529565
7331,199.26415826193988,-130.70115796290338,-79.79335775598884,0.45127550495775887,1390251867,919489839,0.36721626319922507,4.621755776978927
7331,-266.856805421412,326.56293199397624,176.0011708829552,-0.2996534362304618,3039313779,2023916896,0.2604111225809902,4.557469204826416
7331,-233.68571256287396,215.45433811843395,-150.28391778469086,0.3874083754768918,789913114,3273805909,0.9608071020338684,4.362552220772687
7331,-252.91658705100417,178.04030375555158,-479.65375473722816,-0.15157711934915497,2179482763,441685972,0.07711249287240207,4.0503520377587865
7331,-148.6551088746637,149.14580900222063,-369.8218697682023,-0.26333848242163876,836121859,2850692626,0.13692138670012355,3.727425985118434
7331,293.7931469641626,330.72420163080096,468.9368777908385,-0.3540876465756555,1945695433,3108100220,0.17063460685312748,3.4206846389419243
7331,-15.397902810946107,229.04547187499702,-306.0435096267611,-0.20394433309562826,4197482946,3975060328,0.5880520241335034,3.129776459676864
7331,-494.0491649322212,465.0797392241657,331.1987132765353,0.05864536194237902,3860663156,113965219,0.7026051830034703,2.854354888831661
7331,-287.4797503463924,397.35331991687417,-471.1401485837996,-0.1577365402573518,3951038919,3135100338,0.9676062653306872,2.5940780772766634
7331,65.30349142849445,341.53507370501757,118.88451781123877,0.199337953793567,1330750938,229098161,0.48099086550064385,2.348608628010767
7331,336.8734756950289,460.01352020539343,471.0190824698657,0.1378305632577571,3005698052,769144762,0.16989314928650856,2.1176133526384215
7331,475.36533628590405,457.6767471153289,-389.7567302919924,-0.4319618113340766,1950546441,3147903957,0.7934873176272959,1.90076304084083
7331,423.1936731375754,363.49589587189257,-180.66733400337398,-0.43856451713773703,3650052517,1602419852,0.1625627432949841,1.6977322421618775
7331,-411.9085222482681,412.7126047387719,-376.801097067073,0.012800478254532432,3212336150,1436189893,0.3319596617948264,1.5081990594643253
7331,204.7978905029595,69.03570890426636,210.32227273099124,-0.27114157894557833,491413665,2450529362,0.9507379413116723,1.3318449534448529
7331,383.861142443493,-446.8464234378189,49.15456660091877,-0.24265943145492735,4100114571,2832266633,0.7223782842047513,1.1683545576281356
7331,-430.64182228408754,-138.98692280054092,198.00973450765014,-0.11992898650272647,4217675555,3322395696,0.7843351243063807,1.0174155032899606
7331,157.84601890482008,-22.94346271082759,186.7033827584237,-0.17697665248925543,2215499447,4203044049,0.5948091398458928,0.8787182537877504
7331,-375.6432479713112,-422.0162087585777,94.3764140829444,0.08445365351082673,791813827,2941801271,0.9453367930836976,0.7519559478038071
7331,-420.0164396315813,162.0931646320969,-494.11410838365555,0.024853606529735228,3658212091,3371755128,0.5220681664068252,0.6368242510321303
7331,-98.78542670048773,295.25122651830316,474.94756104424596,-0.041699762382138794,3700346423,1920234961,0.19591104914434254,0.5330212158639138
7331,74.96841833926737,112.96562803909183,-375.8398173376918,-0.0023181194910429676,1880529138,3248885599,0.7676388849504292,0.4402471486498782
7331,-488.485305570066,212.81610382720828,225.2070726826787,0.19142354708194026,958801715,1395337578,0.43311495217494667,0.35820448413936445
7331,-293.22061338461936,60.218178667128086,30.93229024671018,0.04163767971961285,3723400272,3492591372,0.7899470066186041,0.2863003868378074
7331,-271.64639974944293,486.0101845115423,141.79481728933752,-0.2748420642838473,1786185886,928966707,0.0986505935434252,0.2240558751108285
7331,-39.42368505522609,183.49269567988813,-126.75847695209086,0.4998354741189899,1903852695,3826028401,0.797294209478423,0.1713257631854115
7331,72.78646132908762,120.23505661636591,-14.968692790716887,0.35451684356825686,2834526870,208404786,0.003375923726707697,0.12794111234723282
7331,124.62293240241706,47.364729922264814,382.9991542734206,-0.2717752238051235,1821842813,3540230418,0.4066381333395839,0.09371243374754384
7331,-395.7514865323901,-218.31112448126078,-390.49647096544504,-0.034637496079141614,4151874837,2533773908,0.0458985841833055,0.06843254295877142
7331,457.3267614468932,-63.955557998269796,219.54599232412875,0.09616327772809091,547997453,2930169385,0.9795623554382473,0.05187909908965661
7331,285.1663224864751,385.01837849617004,-419.84793404117227,0.08841818275845144,1489304846,4025937291,0.41153337131254375,0.043639390438802717
7331,228.79316029138863,-418.4204679913819,336.21780993416905,0.14095414058516278,1089965877,1261812085,0.4449385756161064,0.038281274314394986
7331,-160.85974732413888,-397.1516366582364,-452.2467653732747,0.07569202193424174,211906054,3122947447,0.3717742282897234,0.03334470652257971
7331,245.20356743596494,452.7979549020529,-497.5834565702826,0.599452320084454,2737595310,2089251824,0.2498596510849893,0.028829729138454736
7331,-358.2824026234448,396.6344064101577,374.7207459527999,0.31716096837919916,2350178,2982604822,0.1635301043279469,0.024730156946573073
7331,18.116392428055406,107.66165214590728,-162.2240007854998,0.07389374619978081,1600072829,4237503692,0.816018235636875,0.021034771385684162
7331,426.32940341718495,-108.547123381868,432.0879827719182,0.3038900291006474,402879209,4070364369,0.4398692126851529,0.017728361906011302
7331,-264.51736805029213,196.46200467832386,-16.13915734924376,0.013001142081895067,1921826530,137681307,0.09626660915091634,0.014792630555980528
7331,-420.3309796284884,-487.69912868738174,423.8037187606096,-0.09196929578977894,1694664247,2936687772,0.3942971685901284,0.01220697418461894
7331,369.24486327916384,207.14662736281753,-380.31763047911227,-0.34796698196642206,1236975039,315305944,0.4891854370944202,0.009949157332481263
7331,262.3650648165494,149.64737929403782,-60.10449002496898,-0.3438593818791651,166589057,445853009,0.4227567173074931,0.007995887679013375
7331,-131.89667998813093,-283.41056895442307,-410.41303565725684,0.14681342425985988,1632494646,1356074382,0.2507448208052665,0.006323304809425408
7331,-421.1231858935207,-132.5232672970742,480.7175293099135,-0.27240874426202777,953405438,2279629563,0.14221991994418204,0.004907392051731107
7331,-346.9377835281193,-425.6412321701646,393.2657849509269,0.3555374269843058,4083995669,1294697099,0.45651844167150557,0.003724320207476907
7331,-39.305614307522774,-281.6167559940368,-11.77903963252902,0.05613298277025094,1438605530,2425478663,0.3334411196410656,0.0027507311512122673
7331,-275.9556018281728,20.73238813318312,391.54374971985817,0.4801465892055742,957756563,3145238930,0.06816947949118912,0.001963968497805374
7331,-0.7681869901716709,-122.51565838232636,459.6895780414343,-0.3421985434889595,3329912778,2742781130,0.8174776714295149,0.0013422618275957968
7331,317.10297521203756,437.8604672383517,-164.9782587774098,0.08652718765200028,1087689580,3926080989,0.4843511686194688,0.0008648703118275455
7331,-427.42406693287194,400.00931825488806,319.69999079592526,0.12617979940194402,4141229844,3162773674,0.3182871404569596,0.0005121909899390582
7331,468.33634260110557,-435.56204228661954,54.38871355727315,-0.4284075029225396,1800443256,1425362952,0.9140882820356637,0.0002658364115805073
7331,-119.71516301855445,-348.46520121209323,-281.06734761968255,0.2944383390628711,2274253322,2226072833,0.8656528627034277,0.00010868586549825821
7331,321.9561642035842,-45.55764212273061,-461.7973524145782,-0.05644278937615844,2498478690,1526753609,0.016671436140313745,0.000024913970798997197
7331,3.784887958317995,158.10963208787143,-334.76432505995035,0.005506371799088142,693002449,3658340699,0.7276682169176638,0
7331,-256.0214842669666,-403.99007545784116,-269.4119866937399,-0.2545467736052865,3240324475,3166597862,0.9455908958334476,0
7331,-85.64125373959541,107.85224777646363,467.08466904237866,-0.07548625028080072,47538869,1088561760,0.17891199002042413,0
7331,403.5934491548687,-55.969289503991604,-162.76595322415233,0.16497319181327064,2708438086,3436395302,0.9762574865017086,0
7331,-215.86951264180243,-197.61661789380014,-177.92525328695774,-0.36520804556635317,2038938363,4241205801,0.1577814701013267,0
7331,331.2342108692974,291.72199126333,-447.05806067213416,0.34593814491168273,320424553,423325962,0.2950160098262131,0
7331,-245.02987717278302,239.4366746302694,-381.61271065473557,0.17886029349926558,3403531395,1164110001,0.9567522360011935,0
7331,197.35240563750267,280.25440662167966,153.7159390281886,0.30347032327185475,3698515677,581252533,0.9200526794884354,0
7331,-449.85804706811905,210.03866591490805,-192.26817949675024,0.33894743423787516,3298692016,865109457,0.4654530989937484,0
7331,199.76416393183172,337.81056734733284,364.3062165938318,0.08499071665648324,2837292811,2952543229,0.013704777229577303,0
7331,381.21612602844834,-453.5207371227443,-46.45007103681564,0.052179763989506245,3727042828,113613187,0.15910929767414927,0
7331,233.98099839687347,12.927909847348928,253.12288175337017,0.19015832714063813,4195679701,2926607105,0.3099230828229338,0
7331,361.52050690725446,-60.13225042261183,-138.07957735843956,0.08847672910535054,1339075377,4278975395,0.3736120469402522,0
7331,-225.62656458467245,498.2811803929508,-276.13378735259175,-0.05055577059056193,2655293630,1533180394,0.9365236619487405,0
7331,-185.97518536262214,-114.40794193185866,254.2477122042328,-0.07869827947151617,2626513673,1588742914,0.5576988225802779,0
7331,13.219722313806415,-418.1825981941074,377.4466486647725,0.1830768821175464,2122626197,1027140554,0.5816981850657612,0
7331,-236.77157424390316,339.75918940268457,15.107194660231471,-0.47086614602137594,3576640213,1954521475,0.7708454767707735,0
7331,192.2332770191133,3.329827217385173,30.650377739220858,0.059312259889226476,3749823662,972244191,0.8411345710046589,0
1969,488.33957267925143,-253.28124943189323,-451.90681517124176,0.04173121994076382,1491765602,3107998351,0.6916922256350517,-23.205
1969,-327.3608519230038,326.4568131417036,-477.5911648757756,0.19418211533416974,3024346574,1081813352,0.4226767166983336,-23.00513752441406
1969,-413.7140263337642,-158.5517916828394,-167.550751240924,0.42225811186256074,1066817213,2102250190,0.3873436222784221,-22.806059472656244
1969,-426.1305658146739,-157.2932053823024,-423.93901967443526,0.03889196190256129,4247340067,176196870,0.22444342984817922,-22.607765844726565
1969,171.3585804682225,225.22012679837644,-468.06382248178124,0.5726638481547448,10581807,1039321468,0.6517578382045031,-22.410256640625
1969,467.8191510029137,248.02570207975805,64.57441858947277,0.08728567944387233,2424957698,389571274,0.8828869175631553,-22.213531860351562
1969,306.8138158414513,-363.5324304923415,-204.81052482500672,-0.46626894798772606,444234004,1247232077,0.5170485563576221,-22.017591503906253
1969,-79.7546417452395,343.33277423866093,435.3643832728267,-0.1304066427758439,4038833981,2192099845,0.6643617067020386,-21.822435571289056
1969,-178.39704523794353,57.72206210531294,438.0141654983163,-0.046948039420033186,748970838,837118715,0.4753832216374576,-21.628064062500002
1969,120.05484011024237,-108.06434648111463,408.49338029511273,0.004527847428427587,3310693161,1675979199,0.5720771662890911,-21.434476977539063
1969,-221.9200860708952,-13.791129924356937,-468.0946103762835,0.17007057125883518,2255615118,4241618549,0.6011672501917928,-21.241674316406247
1969,-202.12841080501676,-434.87444287166,-18.568546511232853,0.32791608197417366,834442244,229054575,0.6798575755674392,-21.049656079101563
1969,458.3893856033683,169.30382745340466,-89.80175945907831,0.0012296538339949883,7788025,1600752046,0.9771930638235062,-20.858422265624995
1969,-489.61420729756355,-170.3116181306541,7.553106173872948,0.16586922343467558,4168005183,3331626349,0.6136399509850889,-20.667972875976563
1969,324.8246698640287,128.01071628928185,-290.47518875449896,0.40164944259616336,2946809439,1819252702,0.37974706292152405,-20.478307910156246
1969,184.54401101917028,259.42625175230205,192.59928376413882,0.3089086880597297,3136478172,3118795505,0.9593771432992071,-20.289427368164063
1969,41.182439774274826,-387.7388942055404,-452.8474200051278,-0.1481118068460632,3823787771,2359552089,0.7537062021438032,-20.101331249999998
1969,-25.335147278383374,371.77622877061367,253.23099782690406,0.32106702112359226,644091964,1711098371,0.22301390138454735,-19.91401955566406
1969,-421.7404567170888,58.2597719039768,-216.43573394976556,0.41905567456421483,2034057540,2113942362,0.41808919818140566,-19.727492285156252
1969,-154.94545898400247,186.54693197458982,99.61157059296966,0.03928314361231733,2005441732,3606201886,0.05583362211473286,-19.541749438476558
1969,-52.870461251586676,301.68790044263005,38.46822609193623,0.11645887653663384,2106137854,1900652513,0.0737818602938205,-19.356791015624996
1969,437.7288520336151,-120.40565605275333,296.8566862400621,-0.41993074238573036,2114819545,3510272450,0.8006792739033699,-19.17261701660156
1969,-104.18590996414423,419.25884783267975,74.69909219071269,-0.1730715619228551,3556217103,1492304538,0.579849709989503,-18.989227441406246
1969,-120.98402809351683,-246.56625976786017,200.2012962475419,0.03944230200375469,914009806,3226650006,0.8240696075372398,-18.806622290039062
1969,453.1341455876827,-164.29837536998093,-491.51518824510276,-0.16759195083769657,222400127,2377873930,0.2523175037931651,-18.6248015625
1969,240.66408537328243,-211.69075253419578,253.03292274475098,0.37571166080925744,2241846893,3414828421,0.16276196134276688,-18.44376525878906
1969,313.51522449404,295.8739288151264,-21.391623187810183,0.5866359201234443,811481395,1736252883,0.5154651293996722,-18.263513378906246
1969,-429.96003082953393,60.31981995329261,-362.006074283272,0.3840293697467546,3827637668,3293751213,0.0885088078211993,-18.08404592285156
1969,449.27083095535636,-302.8215141966939,471.22852643951774,0.4394376732228687,299027276,681406130,0.4147219080477953,-17.905362890625
1969,-70.8290059119463,-292.12244087830186,485.58817617595196,-0.10120076029076785,3513585297,3386593264,0.732269185828045,-17.727464282226563
1969,38.75919757410884,-428.91977075487375,-132.3383515700698,-0.3551587052311591,2425148194,4047199186,0.5360690781380981,-17.549848617365107
1969,483.4205622319132,-489.7835433948785,253.49342683330178,0.05185840615077569,4119332657,1538535616,0.9862060269806534,-17.33350009908802
1969,345.2708183322102,290.6964763533324,-75.09130402468145,0.05479600116709704,2272270799,2931943866,0.3253193062264472,-17.052534262477064
1969,231.9547322113067,-475.063931196928,300.6610572338104,-0.38826640828279196,4236813959,2500051695,0.48424848541617393,-16.70505779411317
1969,22.669863887131214,190.44680544175208,310.33721729181707,0.3480525450350771,2682040759,593351054,0.10427253833040595,-16.289264316942663
1969,121.23884842731059,129.94151236489415,192.5557479262352,0.2601917584381214,2479730923,3372020176,0.1432130893226713,-15.803434666986591
1969,226.8596589565277,-403.8839933928102,216.69838787056506,0.035577013531897,1500369062,4001581326,0.03201046190224588,-15.245937149681538
1969,-269.7212742641568,-141.87597366981208,464.7680060006678,-0.2622258115920292,972177227,3113032079,0.1218071710318327,-14.615227777579994
1969,-271.6548873577267,-472.2415376454592,-12.450666632503271,-0.4584041549362973,3870647571,3052779658,0.17780526517890394,-13.909850490972778
1969,3.1734793446958065,-361.4838623907417,319.83650336042047,0.011401930885220119,1375189919,1678047987,0.9715340537950397,-13.128437362847945
1969,-129.5027080923319,-169.4829009938985,44.47459150105715,0.22153388839792015,2880611930,3183635025,0.6315574997570366,-12.269708789468552
1969,182.5711636338383,277.52153435721993,280.81420180387795,0.09899959282603499,3719536606,819914256,0.8796451026573777,-11.332473667732799
1969,-1.1550672352313995,-172.85562097094953,-219.5734386332333,-0.17790919452015239,1434988302,1754122840,0.47385177854448557,-10.315629560373901
1969,-291.5436972398311,-495.8247758913785,-428.79040306434035,-0.13477170645258227,2631727884,2802985921,0.28638189076445997,-9.218162849961402
1969,476.6983543522656,-137.8289668355137,-487.9850000143051,-0.1786653748462451,2170948344,2314332251,0.21873870538547635,-8.0391488825796
1969,237.28267336264253,316.3773159030825,196.10426668077707,-0.18656032591717925,3690976032,977204697,0.7646397110074759,-6.7777521019815445
1969,432.13038658723235,177.9195556882769,-312.74283211678267,-0.04418778041806757,3643952409,243522932,0.2882371577434242,-5.446140341749977
1969,-138.1003949791193,-132.66964512877166,43.94906130619347,-0.33372138804648216,1588725500,2231400295,0.4019036656245589,-4.038399887710341
1969,270.4510244075209,-138.6459779459983,-72.25860492326319,0.26166255259584903,3971399098,4007134511,0.6076684098225087,-2.584225102185125
1969,103.76976593397558,358.4998738951981,-231.8906697910279,0.0967273944034335,988554624,2550681567,0.010659173363819718,-1.2012118327552335
1969,-88.36864843033254,-148.13304413110018,-229.75190705619752,0.3374993472889004,536582946,644918510,0.07623914233408868,0.07660088936329985
1969,-171.0433615371585,-290.5105552636087,-375.79583982005715,0.34393031338626145,2687236259,2656687034,0.18786868127062917,1.164944741543821
1969,-133.5165766067803,-308.46682051196694,440.6025419011712,0.5246401410626295,1592877155,980412054,0.06856931699439883,2.0984811508963985
1969,73.04151984862983,-217.70196757279336,-482.07147396169603,-0.29737880478591966,1977828227,3476303664,0.3100249469280243,2.8803454707926095
1969,-402.4051586166024,-382.35202548094094,-216.1365218926221,-0.06330938761664875,2118048507,4048397981,0.8816915950737894,3.513633273309925
1969,66.25924189575016,89.30409699678421,-150.8588963188231,0.19919820110909395,2716576168,2388070203,0.3761148259509355,4.001404348267637
1969,-290.00247246585786,472.2524802200496,112.34959866851568,0.1276620235524673,160179678,3774317288,0.06388454069383442,4.346686462696125
1969,154.7042797319591,279.9947189632803,-160.39855033159256,-0.051317646033250175,1196294676,3544525463,0.28150037257000804,4.552478897529565
1969,-466.53846371918917,-96.46046441048384,341.01394237950444,-0.14360999698289528,4194355553,3385024067,0.5235099233686924,4.621755776978927
1969,473.23745489120483,12.838319176808,19.344166619703174,0.22061704366826757,3309982546,1767788918,0.8308333163149655,4.557469204826416
1969,422.1544531174004,-367.32753296382725,-319.8384365532547,0.5032935904373499,3241380090,1068231886,0.4911346947774291,4.362552220772687
1969,-415.74471443891525,-5.331141175702214,-339.4477681722492,0.044536579909630225,2032079512,1930342361,0.4956042990088463,4.0503520377587865
1969,375.7742636371404,-133.37737484835088,441.3655016105622,0.15401640175152417,238375625,3167432952,0.6149859183933586,3.727425985118434
1969,375.8394436445087,174.574718112126,227.94739669188857,-0.062145563315374686,977293637,2857034066,0.6670444826595485,3.4206846389419243
1969,-447.85092887468636,64.90999879315495,419.2192165646702,0.20845618144228706,3213272440,544288351,0.5966677060350776,3.129776459676864
1969,331.12474670633674,140.223654685542,-89.59102840162814,-0.1903536017789015,2495722710,4033845672,0.2424071121495217,2.854354888831661
1969,-424.0760919637978,-204.69005941413343,-357.5684598181397,0.02988349510510896,2441940430,2198158593,0.40120340534485877,2.5940780772766634
1969,335.7345873955637,-60.32205489464104,492.90752853266895,-0.11977247210353764,3609986128,1595396060,0.39557191892527044,2.348608628010767
1969,-261.59533159807324,145.98369388841093,214.16427311487496,-0.21703350378406935,1324109148,2307648914,0.6039235799107701,2.1176133526384215
1969,-241.49324861355126,196.01246248930693,15.590041410177946,-0.01848662049652472,153402880,3164037445,0.19882648531347513,1.90076304084083
1969,4.825882613658905,-6.77502853795886,257.7050309628248,0.5314093880535299,4222685107,1703027830,0.6309951869770885,1.6977322421618775
1969,-255.3285574540496,251.3681270647794,204.5429083518684,-0.05995946245721717,4104390730,3866234917,0.05822468199767172,1.5081990594643253
1969,136.08166109770536,434.3581839930266,329.55478713847697,-0.28379449954461206,1254985791,2010794742,0.5106391101144254,1.3318449534448529
1969,184.07276435755193,-61.26820505596697,226.7458071000874,-0.18424777848391863,1855547659,2335742782,0.5106409853324294,1.1683545576281356
1969,-489.2436321824789,-282.8118004836142,172.7954652160406,-0.0017788903883496632,3738618398,326622348,0.50258031883277,1.0174155032899606
1969,75.43023210018873,296.48053273558617,447.79538619332016,-0.1263142353893279,4212252685,733712127,0.34867875650525093,0.8787182537877504
1969,-316.9166138395667,418.8175860326737,-429.0693167131394,0.17412697876114613,3708210638,4181575038,0.5816784147173166,0.7519559478038071
1969,-453.81035772152245,-27.294257655739784,-286.6682782769203,0.668842816475291,586383144,3497505718,0.2676047538407147,0.6368242510321303
1969,379.3039289303124,482.76656283997,-241.51064734905958,-0.2786255442211295,3581342578,1270718132,0.17868840298615396,0.5330212158639138
1969,111.2350586336106,-240.93036213889718,434.63676469400525,0.34051134733563104,1092899661,2604769233,0.605937049491331,0.4402471486498782
1969,46.27243708819151,-170.86206609383225,71.38838898390532,-0.0675948330178701,970297008,3420007161,0.6067570392042398,0.35820448413936445
1969,-187.25404608994722,-134.77976946160197,-482.32674202881753,0.2918976546252325,2604653653,2324599404,0.7603108889888972,0.2863003868378074
1969,-75.10524545796216,320.0574566144496,404.1381764691323,-0.07103157118949599,1870137463,2479675734,0.7905413080006838,0.2240558751108285
1969,120.2916952315718,161.98139288462698,490.546410670504,0.025579319612412832,2171473410,3621034367,0.6761546086054295,0.1713257631854115
1969,-22.21768698655069,113.73837082646787,422.4494828376919,0.3391964887925024,766766597,1610922679,0.5689259367063642,0.12794111234723282
1969,-140.874381409958,-85.11285507120192,307.5962907169014,0.5907829847677435,2539358438,2778498302,0.11275165900588036,0.09371243374754384
1969,245.48299657180905,363.09495428577065,-123.82705882191658,0.3670560001642775,2381975663,2639300880,0.10517639643512666,0.06843254295877142
1969,-75.4444245249033,268.3923121076077,-125.31075696460903,-0.18845317420019989,3829711527,150045312,0.037278628908097744,0.05187909908965661
1969,-58.94705047830939,-438.04491055198014,359.4660689122975,0.3085380613485901,762105117,1428572799,0.5198206398636103,0.043639390438802717
1969,-306.85514817014337,155.56014864705503,-263.2127641700208,0.03337899716554904,1203576123,3845515524,0.24155412474647164,0.038281274314394986
1969,410.85788351483643,320.15524758026004,-423.92088286578655,-0.18943946327870084,2245159427,1415804760,0.058614040026441216,0.03334470652257971
1969,-404.1801996063441,386.03528845123947,59.15620387531817,0.33476300686202515,1205068852,2341584776,0.3701281463727355,0.028829729138454736
1969,334.30445357225835,234.52850989997387,-103.01800561137497,0.04030713796066021,227579540,316429663,0.4228823743760586,0.024730156946573073
1969,-481.00055614486337,-90.11460887268186,242.07470752298832,-0.17849520543977432,2409855887,3740242846,0.380815040320158,0.021034771385684162
1969,40.050523122772574,-435.32165978103876,94.74461385980248,0.09007960182933261,3977678704,4237752371,0.3182880780659616,0.017728361906011302
1969,-323.61101917922497,-100.41844169609249,-484.7684595733881,-0.012922766608172306,676678272,845751641,0.7551937298849225,0.014792630555980528
1969,-490.4142792802304,113.79655147902668,-102.87040029652417,-0.23494546667819638,2494338029,2554407528,0.6736903137061745,0.01220697418461894
1969,137.2045602183789,-282.08710020408034,385.35926630720496,0.12185956658902668,2131849375,394465757,0.01567656616680324,0.009949157332481263
1969,328.72771355323493,-12.83886400051415,-60.59104227460921,-0.019006549770050007,3069483846,3259543233,0.6517614708282053,0.007995887679013375
1969,-347.0382899977267,-66.17048662155867,-442.6125187892467,-0.17522899085166999,1706186932,241140202,0.3278026070911437,0.006323304809425408
1969,16.794795636087656,-321.6000869870186,-184.28049981594086,0.16789123101438075,1260681124,3282973242,0.2705048646312207,0.004907392051731107
1969,-400.03303019329906,379.4837628956884,192.83655867911875,0.35328660887118946,2305438,1586283636,0.40990868327207863,0.003724320207476907
1969,366.0066435113549,-58.33727749995887,-179.24462398514152,-0.049724634735795525,2548650753,2569648870,0.404419464757666,0.0027507311512122673
1969,-495.8272292278707,-424.582659965381,359.0863023418933,-0.19474162684571472,611969645,2598814698,0.14702515210956335,0.001963968497805374
1969,-254.8098275437951,311.910503776744,290.95766553655267,0.1758148499173251,3380802596,971124659,0.38701743725687265,0.0013422618275957968
1969,-277.96338871121407,-82.33742625452578,142.19356211833656,-0.27352703471342293,1809604773,306782924,0.9359751392621547,0.0008648703118275455
1969,-301.03239277377725,-464.41865083761513,214.40150355920196,0.17009330663897623,923365910,2391704748,0.2844686259049922,0.0005121909899390582
1969,-3.604309167712927,194.2164534702897,381.7810732871294,-0.04032449769067453,961969749,1725710928,0.9553969062399119,0.0002658364115805073
1969,392.67164771445096,-405.21283238194883,314.0923907049,-0.24760991863858273,101996493,4225931839,0.7586747023742646,0.00010868586549825821
1969,-388.9519115909934,272.1872553229332,-39.69417209737003,0.09190273434657047,1616730236,1671861151,0.41142266034148633,0.000024913970798997197
1969,-289.6107784472406,295.0470282230526,-491.25897930935025,0.3696075425789267,3263992383,3477166464,0.21419998677447438,0
1969,190.20131509751081,-252.4394013453275,433.1030654720962,0.26516220930953094,2756740530,2202432248,0.42283912003040314,0
1969,-416.2458502687514,358.3100421819836,145.45068750157952,0.22332421889076814,3869340759,570062735,0.007340471725910902,0
1969,-284.7338675055653,370.2346873469651,-10.294002015143633,-0.3419120956296562,1704226944,2874602272,0.38599109230563045,0
1969,-423.94426208920777,-254.65426337905228,-244.53548109158874,-0.5902334684417622,3324575645,1274143849,0.9633983464445919,0
1969,155.64527036622167,-20.41791076771915,-198.25937249697745,0.023007537424597713,174869816,4263718436,0.9394080815836787,0
1969,-355.79169960692525,-413.4731865487993,409.2013828922063,-0.007930337847702057,1928524587,3388034532,0.7993287406861782,0
1969,330.2582611795515,-473.96064829081297,-411.99571709148586,0.2692876674258108,1787103575,2170446285,0.17054089880548418,0
1969,335.0639136042446,-484.37008867040277,-388.8142379000783,0.007046126359833885,3544521258,2515156670,0.2749463561922312,0
1969,-455.80070721916854,-498.0090158060193,88.54669239372015,0.12555729188078957,1288839225,265300651,0.7293276367709041,0
1969,-195.75642351992428,173.65118023008108,-392.69799063913524,0.23620620723226954,2357836170,4187156108,0.8049067598767579,0
1969,30.138979898765683,-91.58602263778448,369.6961374953389,-0.007771201422902108,3629536316,2819577963,0.6869465324562043,0
1969,-28.516248567029834,431.008932646364,-325.4870278760791,0.03443340078505639,2319257688,3274203368,0.17939520138315856,0
1969,213.5825550649315,424.7305674944073,-230.46332877129316,0.09013236102640576,2246723070,268069918,0.8499826693441719,0
1969,-405.5983000434935,-95.23232514038682,498.5497132875025,-0.12210051160111565,1536028283,3018875175,0.17237684060819447,0
1969,-32.451216131448746,-228.39588415808976,304.91679231636226,-0.174908645994064,3590904091,1112087578,0.679929435485974,0
1969,394.6911401581019,-32.902766950428486,482.7361030038446,-0.24786979875794332,907404692,927010696,0.855961395194754,0
1969,340.7256002537906,38.98432315327227,348.0455207172781,-0.05692911616639859,4052005248,3096932604,0.6653446692507714,0
4294967295,-0.2746784593909979,121.2729006074369,488.36570559069514,0.16933074221565245,2363738154,1734405203,0.8964226141106337,-23.205
4294967295,209.9297868553549,91.07521525584161,164.30121148005128,0.06143145577184217,1783394132,3033972437,0.189478256739676,-23.00513752441406
4294967295,-355.6451704353094,45.720951398834586,414.63524801656604,-0.004066807965711128,1350032702,1257721493,0.7156526781618595,-22.806059472656244
4294967295,260.7193128205836,-371.66857812553644,-370.69734279066324,0.11802596641950888,859423999,997958328,0.9440599093213677,-22.607765844726565
4294967295,-288.051517913118,100.66462820395827,-77.67465570941567,0.44531557783336667,520330494,1803970635,0.8452364315744489,-22.410256640625
4294967295,164.54508225433528,403.63922039978206,308.01107338629663,0.05624076904503993,1213564101,3578018007,0.5391399988438934,-22.213531860351562
4294967295,-80.7243527378887,-396.98166330344975,-255.87268802337348,0.23796804312383668,2432244780,1269485965,0.6804977387655526,-22.017591503906253
4294967295,-225.58429627679288,-74.71191883087158,-100.05118907429278,-0.07099689431159595,4223837496,3074175116,0.4755720964167267,-21.822435571289056
4294967295,-234.3957123812288,-448.6154383048415,411.93300439044833,0.6623665497902752,1677769122,346663930,0.13585773925296962,-21.628064062500002
4294967295,-157.48997521586716,-352.1650421898812,-456.68710744939744,0.34740338183954367,1163715834,1742633748,0.9884445976931602,-21.434476977539063
4294967295,-458.81436532363296,391.66284538805485,6.609980948269367,0.4129060468357074,1873980583,2095745350,0.8714674517977983,-21.241674316406247
4294967295,156.3633275218308,478.96293736994267,-91.33789106272161,0.0017129260732635654,2737650583,2177528771,0.18934845877811313,-21.049656079101563
4294967295,432.9016422852874,-90.23102535866201,-467.09931921213865,-0.17816470547548202,2319565220,3271051590,0.3436866346746683,-20.858422265624995
4294967295,63.804110046476126,3.3700386993587017,-373.416684102267,0.05289198794174502,2422772388,3515427350,0.7386848733294755,-20.667972875976563
4294967295,59.07384259626269,-85.89299954473972,-330.4647069890052,0.052634909419556286,3800500933,2111274762,0.4759919897187501,-20.478307910156246
4294967295,-41.126608615741134,-52.224180893972516,194.03193844482303,-0.11151652704802424,284482154,3736850515,0.7567116804420948,-20.289427368164063
4294967295,-193.82460205815732,-87.84341905266047,-141.0729957278818,0.15791765670257202,2479492280,1582469004,0.9159235202241689,-20.101331249999998
4294967295,-91.2562720477581,-56.4836033154279,318.8805973622948,-0.2807246272107942,1918614110,3711669962,0.10207696096040308,-19.91401955566406
4294967295,418.2457560673356,-439.8489121813327,-181.61057657562196,0.044914414364758626,4081070427,3810264357,0.1436101261060685,-19.727492285156252
4294967295,-120.38250430487096,-57.12972697801888,99.34190195053816,-0.23267933780367744,11538427,2550547705,0.3921705954708159,-19.541749438476558
4294967295,-165.63278110697865,-38.93240634351969,-365.702988114208,-0.3102078150315926,2507251860,2113870129,0.9202409950084984,-19.356791015624996
4294967295,-315.2570107486099,-14.498758129775524,380.9699339326471,0.13889339041721854,3832319007,2410453686,0.9238722093869001,-19.17261701660156
4294967295,414.1119515988976,123.01150197163224,228.26782381162047,-0.34546847707384853,1920603869,2147547155,0.7916392679326236,-18.989227441406246
4294967295,-15.813181642442942,365.12506171129644,158.7329104077071,-0.19330235402808904,7219230,206482939,0.8520552832633257,-18.806622290039062
4294967295,-238.71580068953335,483.8026568759233,92.66171441413462,-0.370538264202173,1521862970,1808943742,0.1153229579795152,-18.6248015625
4294967295,-381.32170657627285,184.39715984277427,-1.4823528472334146,-0.15595553652816022,3146172351,1455334967,0.09125144220888615,-18.44376525878906
4294967295,281.2488137278706,31.315134605392814,-110.60369177721441,0.3280634513565075,24690097,1401885570,0.5151041666977108,-18.263513378906246
4294967295,480.88645143434405,-203.60597339458764,-218.97280286066234,0.19844486321029828,2432174792,758363597,0.2751815707888454,-18.08404592285156
4294967295,-445.8346553146839,297.9052064474672,-128.57850291766226,-0.1718210271066879,272463458,3238250463,0.3076603573281318,-17.905362890625
4294967295,215.6446378212422,-380.5609301198274,334.77962482720613,0.07148176760258973,3841644330,3070850604,0.01972890179604292,-17.727464282226563
4294967295,3.366726916283369,271.9868717249483,7.635912857949734,0.22822786081563962,1811878900,1638750556,0.4548310365062207,-17.549848617365107
4294967295,-331.66894619353116,492.7154143806547,305.8236155193299,0.03187567285225279,319594569,2288993435,0.2538063288666308,-17.33350009908802
4294967295,413.5926684830338,-80.08449082262814,-436.62995868362486,0.13331881083968117,3632770979,3169440309,0.5144624633248895,-17.052534262477064
4294967295,438.31764440983534,-422.3094980698079,-106.79493751376867,0.009676943154143204,441943470,177162659,0.4345122929662466,-16.70505779411317
4294967295,161.52773518115282,-43.210845440626144,-334.2085180338472,0.3027055212823139,1590929648,1652573219,0.2099072653800249,-16.289264316942663
4294967295,428.0570363625884,481.75835958682,75.85933525115252,0.3562552166786301,289283021,3395585524,0.3966394728049636,-15.803434666986591
4294967295,369.35200239531696,-175.79113715328276,-394.399122800678,0.0724818810947451,3354194305,2328064764,0.5396128965076059,-15.245937149681538
4294967295,271.36751101352274,132.50294351018965,-193.3495623525232,-0.3490589291192203,3144207385,2065105611,0.6065731556154788,-14.615227777579994
4294967295,301.145835313946,-436.24358461238444,474.4562671985477,-0.1215175639808323,1971550212,3727357475,0.14838816551491618,-13.909850490972778
4294967295,-384.05763474293053,-139.4454666879028,-76.40478783287108,0.09565924097748363,3649308891,476640394,0.26715306425467134,-13.128437362847945
4294967295,-300.01895409077406,159.03798770159483,-446.19821663945913,0.19472490792252717,1199295303,4062659060,0.8875240164343268,-12.269708789468552
4294967295,-324.7705353423953,286.1202114727348,399.4482443667948,0.343434833074097,476126259,3517480070,0.7962313089519739,-11.332473667732799
4294967295,-279.7867089975625,393.60690000467,425.17797951586545,0.5236761102771693,1085537077,2765026310,0.028675136156380177,-10.315629560373901
4294967295,468.3687351644039,417.7492137532681,-131.74767466261983,-0.365964335512334,2849831718,2239355083,0.27624681894667447,-9.218162849961402
4294967295,283.407632028684,326.3695486821234,-484.9909122567624,-0.08819260275450526,3781527135,2803289688,0.29593162541277707,-8.0391488825796
4294967295,203.52720213122666,-131.42675999552011,47.729930607602,-0.30965279620616454,1943902306,1642654659,0.7472640245687217,-6.7777521019815445
4294967295,295.3703592065722,270.4891541507095,-125.64744777046144,-0.11433588444434131,966889737,4224563947,0.6291584454011172,-5.446140341749977
4294967295,-233.04692329838872,69.78960614651442,26.605912018567324,-0.1366505863482767,488341549,4093424750,0.7526657804846764,-4.038399887710341
4294967295,268.8098333310336,191.90566963516176,250.79481024295092,-0.0032812401279566084,2050168166,1421326584,0.16520738089457154,-2.584225102185125
4294967295,-239.57681003957987,277.6289938483387,-54.40114624798298,0.0707582370051828,3895070608,1509026731,0.9613309928681701,-1.2012118327552335
4294967295,115.77026848681271,328.47603503614664,486.7458278313279,-0.24222717423202356,4037242904,743233130,0.8767685277853161,0.07660088936329985
4294967295,-124.91177604533732,-211.78169106133282,-232.41906822659075,0.09651426228893417,2427918121,1979472833,0.9868361426051706,1.164944741543821
4294967295,-268.4594360180199,-404.47485889308155,-409.6631444990635,-0.1720029621883982,1912245556,2999943001,0.6203128474298865,2.0984811508963985
4294967295,252.7216791640967,419.6333789732307,479.18573720380664,0.6300264205949593,1179590774,4144819255,0.42502839281223714,2.8803454707926095
4294967295,474.23533583059907,-70.15247782692313,331.5975333098322,-0.1843660375560027,1338111073,3804828901,0.3874238186981529,3.513633273309925
4294967295,347.0401745289564,-491.0625491756946,292.801349889487,-0.14336631431619484,4114596381,4275904076,0.5232210804242641,4.001404348267637
4294967295,-101.30675206892192,-310.16705790534616,-361.1654394771904,0.1820953412308906,2687568182,214393897,0.9032854021061212,4.346686462696125
4294967295,-405.91446100734174,29.172631911933422,-83.2445789128542,0.3955452824664857,3443749228,500578811,0.253098925575614,4.552478897529565
4294967295,200.4892104305327,202.47396547347307,91.89091436564922,-0.6492687834478659,2077632707,594874434,0.5994706589262933,4.621755776978927
4294967295,-189.41935780458152,434.4821013510227,-351.2239712290466,0.10805211256523717,2911740824,1900323293,0.4015344793442637,4.557469204826416
4294967295,-182.7875932212919,-412.2809658292681,33.469076035544276,0.20796259058118638,126187044,585616233,0.8959843020420521,4.362552220772687
4294967295,471.89180785790086,-315.8726110123098,-434.29117696359754,0.4406660518343177,4003122537,4283910755,0.16370386723428965,4.0503520377587865
4294967295,-142.64809247106314,-357.8974560368806,431.2416820321232,-0.45580615101001665,2871516875,2806172255,0.8834284502081573,3.727425985118434
4294967295,291.4433346595615,-314.92843432351947,60.47148699872196,-0.05385657201363703,837701374,509067027,0.21770888683386147,3.4206846389419243
4294967295,-315.29799033887684,373.04631480947137,310.09830348193645,-0.3030715576172205,1526332959,2452597936,0.03795918193645775,3.129776459676864
4294967295,-343.6563906725496,-193.3997143059969,-382.1745447348803,-0.10577602295331812,4010602663,3607606103,0.6763107539154589,2.854354888831661
4294967295,-216.69298992492259,362.70924541167915,-180.20918173715472,0.22039558013627303,4048207583,4081173356,0.5620003966614604,2.5940780772766634
4294967295,-27.25469716824591,-259.4818966463208,-440.40538161061704,-0.38776917652448745,3985790296,1006048315,0.5667084055021405,2.348608628010767
4294967295,-233.01629605703056,245.9701809566468,-62.71931226365268,-0.3116250178023615,1300853048,3900962717,0.7268938065972179,2.1176133526384215
4294967295,-34.409521613270044,92.87712490186095,341.956146992743,0.11261531379438061,3321440681,1705662588,0.2384130610153079,1.90076304084083
4294967295,11.699261143803596,-282.3305947240442,457.27912662550807,-0.0811258232481813,1751547757,1465692963,0.45026315236464143,1.6977322421618775
4294967295,254.93022869341075,-134.9766170606017,154.8470372799784,0.19702689975098975,2516743034,2657934985,0.7953688644338399,1.5081990594643253
4294967295,227.38060564734042,-210.8253671322018,-262.53872527740896,0.24472102053649789,3846956613,62869761,0.3012880217283964,1.3318449534448529
4294967295,-23.16040638834238,65.6527120154351,-343.83353823795915,0.04035315640822128,1460764845,3352812965,0.5612967575434595,1.1683545576281356
4294967295,-138.4326235856861,-248.97245247848332,263.3907806593925,0.10183338378317976,3297569306,132984814,0.9992096736095846,1.0174155032899606
4294967295,-64.82846732251346,-248.30583110451698,-349.0447527728975,-0.18577484165229358,4023701377,1360935712,0.3232659329660237,0.8787182537877504
4294967295,398.8427317235619,-284.2432572506368,347.19901415519416,0.2760688051528834,4186157162,3093152319,0.4014026075601578,0.7519559478038071
4294967295,372.6484125945717,-207.3666697833687,-99.24100409261882,-0.35689083797162235,580533647,846028723,0.4670146962162107,0.6368242510321303
4294967295,-110.98023969680071,-134.0386252850294,-253.8014492020011,-0.10675370991014074,3933207305,1287496017,0.7537293487694114,0.5330212158639138
4294967295,-48.89260046184063,106.29225289449096,-243.5926659964025,-0.11834938078821461,1952334867,1973716730,0.8928249527234584,0.4402471486498782
4294967295,-61.31438701413572,14.04900848865509,100.61065759509802,-0.10434091014367741,1346232800,1512362387,0.8965594524051994,0.35820448413936445
4294967295,-230.5329202208668,286.93528729490936,327.33615301549435,-0.1072088579845567,328064982,322502071,0.4220579215325415,0.2863003868378074
4294967295,393.7090556137264,362.54581273533404,168.02677558735013,-0.29079311686237247,4207543841,2290470244,0.6464592232368886,0.2240558751108285
4294967295,-339.18627887032926,-29.10362766124308,150.90449363924563,-0.0006417603413687578,117944650,2246907442,0.4598129619844258,0.1713257631854115
4294967295,355.4611187428236,-465.64968302845955,208.67592887952924,0.1619749211613734,2886988202,1955508575,0.48165593412704766,0.12794111234723282
4294967295,256.9342062342912,259.19849798083305,-334.0606796555221,-0.09015569471567006,1949554199,1397550630,0.21150665823370218,0.09371243374754384
4294967295,193.1595189962536,-440.961766988039,-355.6939419358969,-0.16079083642307618,279751140,3898677536,0.23493686993606389,0.06843254295877142
4294967295,189.42913715727627,-185.71219919249415,216.88015619292855,-0.3320489143688382,3387568581,849583575,0.9361667775083333,0.05187909908965661
4294967295,308.8809421751648,211.9867168366909,277.86016650497913,0.15457728306832863,1433691618,2361803625,0.26750356308184564,0.043639390438802717
4294967295,-130.8799721300602,216.27652598544955,480.4446245543659,0.40233679637887787,448137214,2609006703,0.15474524581804872,0.038281274314394986
4294967295,323.1081939302385,304.2908371426165,436.50545040145516,0.2508347015462472,3137885452,1890463708,0.8708861062768847,0.03334470652257971
4294967295,-210.5153943412006,-116.95261392742395,-41.10130365006626,0.5482174581751669,4249452942,3924691412,0.23055072221904993,0.028829729138454736
4294967295,-48.34739863872528,189.80499380268157,-411.13151726312935,-0.44903804260009805,1741826991,2524081031,0.07784146233461797,0.024730156946573073
4294967295,101.11052100546658,170.96727923490107,364.07940881326795,-0.0627435476691085,1054933454,3078788691,0.6020699080545455,0.021034771385684162
4294967295,100.24206875823438,-33.992114244028926,141.00175607018173,0.29912786111816886,2117238335,361420373,0.14138655830174685,0.017728361906011302
4294967295,453.9289234671742,160.6187759898603,95.11314518749714,-0.12929028449327518,3620869207,268618887,0.12746540643274784,0.014792630555980528
4294967295,216.06821101158857,158.3613259717822,-292.8732412401587,0.35098994937943073,1775124675,1559412490,0.33373637730255723,0.01220697418461894
4294967295,417.2995856497437,-486.71960597857833,252.71454290486872,-0.3286801037394447,1499467972,1760769730,0.5968896502163261,0.009949157332481263
4294967295,181.39908579178154,-235.88903225027025,422.1399622038007,0.0641082086640799,3795163270,1992164752,0.5500848384108394,0.007995887679013375
4294967295,-421.58850538544357,401.8039864022285,-430.11122988536954,0.20622109258662968,1714158713,825473407,0.8049760619178414,0.006323304809425408
4294967295,112.90300823748112,-444.5416578091681,408.2536920905113,0.031422785296617906,2986759289,2920081273,0.8992170949932188,0.004907392051731107
4294967295,-418.1362900417298,149.3179181125015,-63.81841446273029,0.020198924379219753,3347929057,1588887850,0.20412658783607185,0.003724320207476907
4294967295,-214.30483064614236,-370.9852702450007,61.45232729613781,-0.2546261645960545,3953471335,321857077,0.2507412573322654,0.0027507311512122673
4294967295,303.3467244822532,-379.6873572282493,-341.4943148382008,-0.27212600118212926,306248059,1600049627,0.24088534293696284,0.001963968497805374
4294967295,103.05307130329311,-317.9685757495463,330.8952928055078,-0.15708600477092927,1217547302,4251961727,0.9719032475259155,0.0013422618275957968
4294967295,156.89683216623962,186.47191696800292,300.6135041359812,-0.33074131464761636,3665764602,3719004178,0.40554028493352234,0.0008648703118275455
4294967295,183.2352706696838,50.55948672816157,465.57163330726326,-0.13941507482573096,462103442,3902701348,0.8283065496943891,0.0005121909899390582
4294967295,461.61322202533484,0.2162577584385872,143.73502298258245,0.21010361954490936,2205293584,2458441860,0.4091171193867922,0.0002658364115805073
4294967295,-417.64351073652506,456.6352302208543,-459.4735854770988,0.21203348866895627,1792025637,319918597,0.5215202567633241,0.00010868586549825821
4294967295,321.2959796655923,-74.32275754399598,-144.97332298196852,0.12463597247871187,933953731,557984631,0.7328358043450862,0.000024913970798997197
4294967295,253.97246377542615,-244.91698574274778,-163.65143610164523,0.3933941351022998,3295147051,1217438137,0.7777665639296174,0
4294967295,-15.091986628249288,-416.2032906897366,4.928251262754202,-0.21619288040953855,3735730771,713731135,0.4943073629401624,0
4294967295,152.37031201831996,496.0536086000502,405.7848295196891,0.15755722175436176,1720995965,522526797,0.5959760081022978,0
4294967295,299.574350239709,-274.27076967433095,59.45593351498246,-0.09543058692659828,3507891064,3550519612,0.7277169793378562,0
4294967295,-161.8211269378662,-147.9708352126181,-169.9164800811559,0.024152291718762205,27499260,998615481,0.3688202118501067,0
4294967295,-215.99142556078732,-114.71323226578534,-115.86016695946455,0.24868545110741694,3608103272,1144782323,0.01792021794244647,0
4294967295,6.2025191728025675,-400.3956241067499,354.05104677192867,0.011848916603327778,3302492669,3136288098,0.8234822750091553,0
4294967295,-108.52774884551764,-44.92070013657212,-284.08682299777865,-0.2145490215739902,4289599522,1536427257,0.1518540654797107,0
4294967295,251.2946252245456,-354.89348135888577,-298.49768220447004,0.23666527009717891,3210020169,251560933,0.6939132807310671,0
4294967295,-473.34107966162264,344.7559953201562,-9.15823713876307,0.006759382513647494,4242809432,1958555287,0.21275204233825207,0
4294967295,-486.8071211967617,-377.74385954253376,-333.59876670874655,0.0893648414514624,555827901,902546058,0.3845032842364162,0
4294967295,247.1660547889769,273.127420572564,-398.32273102365434,-0.10255426329660478,2052531502,2855947595,0.4876556375529617,0
4294967295,-450.35871560685337,-76.35851390659809,-104.88762659952044,0.04907564900289224,3880201875,181376209,0.07521157735027373,0
4294967295,-319.3212456535548,-107.01847355812788,249.874253757298,0.04152905853139857,1255951678,290348931,0.0766103754285723,0
4294967295,430.50651135854423,-345.5697528552264,-450.453351251781,-0.16380869490928557,4209118016,65181728,0.5503885799553245,0
4294967295,68.72398033738136,486.9500056374818,-399.198088562116,0.22064670125602237,2107491302,1253880311,0.41218172246590257,0
4294967295,-47.04964510165155,44.517855159938335,56.44869222305715,-0.11486568961322921,677843710,2627387667,0.5174380105454475,0
4294967295,-280.92812397517264,145.32850007526577,-77.0374673884362,0.1960605592457073,1705012237,1122248955,0.20662197191268206,0
